ko,name,taxonomy
T40003,Cold,Viruses; Riboviria; Pararnavirae; Artverviricota; Revtraviricetes; Ortervirales; Retroviridae; Orthoretrovirinae; Deltaretrovirus
T40328,Headache,Viruses; Riboviria; Orthornavirae; Kitrinoviricota; Flasuviricetes; Amarillovirales; Flaviviridae; Flavivirus
T40027,Stomach Ache,Viruses; Riboviria; Orthornavirae; Kitrinoviricota; Alsuviricetes; Martellivirales; Togaviridae; Alphavirus
T40079,Fever,Viruses; Duplodnaviria; Heunggongvirae; Peploviricota; Herviviricetes; Herpesvirales; Herpesviridae; Gammaherpesvirinae; Lymphocryptovirus
smf,Rashes,Bacteria; Fusobacteria; Fusobacteriales; Leptotrichiaceae; Streptobacillus
T40006,Loose motion,Viruses; Riboviria; Orthornavirae; Negarnaviricota; Polyploviricotina; Ellioviricetes; Bunyavirales; Arenaviridae; Mammarenavirus
tmf,constipation,Eukaryota; Fungi; Dikarya; Ascomycota; Pezizomycotina; Eurotiomycetes; Eurotiomycetidae; Eurotiales; Trichocomaceae; Talaromyces; Talaromyces sect. Talaromyces
sha,Loss of sight,Bacteria; Firmicutes; Bacilli; Bacillales; Staphylococcaceae; Staphylococcus
T40045,Back ache,Viruses; Riboviria; Orthornavirae; Negarnaviricota; Haploviricotina; Monjiviricetes; Mononegavirales; Pneumoviridae; Orthopneumovirus
T40064,Chest pain,Viruses; Riboviria; Orthornavirae; Negarnaviricota; Polyploviricotina; Ellioviricetes; Bunyavirales; Phenuiviridae; Phlebovirus; Naples phlebovirus
T40062,Chronic pain,Viruses; Riboviria; Orthornavirae; Negarnaviricota; Polyploviricotina; Ellioviricetes; Bunyavirales; Peribunyaviridae; Orthobunyavirus
T40359,Cold sore,Viruses; Varidnaviria; Bamfordvirae; Nucleocytoviricota; Pokkesviricetes; Chitovirales; Poxviridae; Chordopoxvirinae; Orthopoxvirus
T40001,Cough,Viruses; Riboviria; Pararnavirae; Artverviricota; Revtraviricetes; Ortervirales; Retroviridae; Orthoretrovirinae; Lentivirus
T40002,Dry mouth,Viruses; Riboviria; Pararnavirae; Artverviricota; Revtraviricetes; Ortervirales; Retroviridae; Orthoretrovirinae; Lentivirus
erh,Elbow problems,Bacteria; Firmicutes; Erysipelotrichia; Erysipelotrichales; Erysipelotrichaceae; Erysipelothrix
T40007,Flu,Viruses; Riboviria; Orthornavirae; Negarnaviricota; Polyploviricotina; Ellioviricetes; Bunyavirales; Arenaviridae; Mammarenavirus
T40008,Foot problems,Viruses; Riboviria; Orthornavirae; Negarnaviricota; Polyploviricotina; Ellioviricetes; Bunyavirales; Arenaviridae; Mammarenavirus
T40087,Hearing loss,Viruses; Monodnaviria; Shotokuvirae; Cossaviricota; Papovaviricetes; Zurhausenvirales; Papillomaviridae; Firstpapillomavirinae; Alphapapillomavirus
T40088,Heart palpitations,Viruses; Monodnaviria; Shotokuvirae; Cossaviricota; Papovaviricetes; Zurhausenvirales; Papillomaviridae; Firstpapillomavirinae; Alphapapillomavirus
T40091,Itching,Viruses; Riboviria; Orthornavirae; Negarnaviricota; Polyploviricotina; Ellioviricetes; Bunyavirales; Arenaviridae; Mammarenavirus
T40107,Knee problems,Viruses; Riboviria; Orthornavirae; Pisuviricota; Pisoniviricetes; Picornavirales; Caliciviridae; Norovirus
T40068,Mouth ulcer,Viruses; Riboviria; Orthornavirae; Pisuviricota; Pisoniviricetes; Picornavirales; Picornaviridae; Hepatovirus
T40004,Nosebleed,Viruses; Riboviria; Pararnavirae; Artverviricota; Revtraviricetes; Blubervirales; Hepadnaviridae; Orthohepadnavirus
T40066,Shortness of breath,Viruses; Riboviria; Orthornavirae; Kitrinoviricota; Flasuviricetes; Amarillovirales; Flaviviridae; Hepacivirus
T40085,Skin rashes in children,Viruses; Deltavirus
T40067,Sore throat,Viruses; Riboviria; Orthornavirae; Kitrinoviricota; Alsuviricetes; Hepelivirales; Hepeviridae; Orthohepevirus; Orthohepevirus A
T40063,Stomach ache and abdominal pain,Viruses; Riboviria; Orthornavirae; Duplornaviricota; Resentoviricetes; Reovirales; Reoviridae; Spinareovirinae; Coltivirus; Colorado tick fever coltivirus
T40043,Thigh problems,Viruses; Riboviria; Orthornavirae; Negarnaviricota; Haploviricotina; Monjiviricetes; Mononegavirales; Paramyxoviridae; Orthoparamyxovirinae; Respirovirus
T40042,Toothache,Viruses; Riboviria; Orthornavirae; Negarnaviricota; Haploviricotina; Monjiviricetes; Mononegavirales; Paramyxoviridae; Rubulavirinae; Orthorubulavirus
T40044,Urinary tract infection (UTI),Viruses; Riboviria; Orthornavirae; Negarnaviricota; Haploviricotina; Monjiviricetes; Mononegavirales; Paramyxoviridae; Orthoparamyxovirinae; Respirovirus
T40122,Vomiting,Viruses; Riboviria; Orthornavirae; Negarnaviricota; Haploviricotina; Monjiviricetes; Mononegavirales; Paramyxoviridae; Rubulavirinae; Orthorubulavirus
abu,"Wrist, hand and finger problems",Bacteria; Proteobacteria; Epsilonproteobacteria; Campylobacterales; Campylobacteraceae; Arcobacter group; Arcobacter
sapo,Swollen glands,Eukaryota; Fungi; Dikarya; Ascomycota; Pezizomycotina; Sordariomycetes; Hypocreomycetidae; Microascales; Microascaceae; Scedosporium
T40366,Neck problems,Viruses; Riboviria; Orthornavirae; Pisuviricota; Pisoniviricetes; Picornavirales; Picornaviridae; Enterovirus
T40367,Indigestion,Viruses; Riboviria; Orthornavirae; Pisuviricota; Pisoniviricetes; Picornavirales; Picornaviridae; Enterovirus
T40368,Bowel incontinence,Viruses; Riboviria; Orthornavirae; Pisuviricota; Pisoniviricetes; Picornavirales; Picornaviridae; Enterovirus
T40362,Hay fever,Viruses; Riboviria; Orthornavirae; Pisuviricota; Pisoniviricetes; Nidovirales; Cornidovirineae; Coronaviridae; Orthocoronavirinae; Betacoronavirus; Embecovirus
T40363,Earache,Viruses; Riboviria; Orthornavirae; Pisuviricota; Pisoniviricetes; Nidovirales; Cornidovirineae; Coronaviridae; Orthocoronavirinae; Betacoronavirus; Embecovirus
T40364,Dehydration,Viruses; Riboviria; Orthornavirae; Pisuviricota; Pisoniviricetes; Nidovirales; Cornidovirineae; Coronaviridae; Orthocoronavirinae; Alphacoronavirus; Duvinacovirus
T40365,Dizziness (Lightheadedness),Viruses; Riboviria; Orthornavirae; Pisuviricota; Pisoniviricetes; Nidovirales; Cornidovirineae; Coronaviridae; Orthocoronavirinae; Alphacoronavirus; Setracovirus
mche,Chilblains,Bacteria; Actinobacteria; Corynebacteriales; Mycobacteriaceae; Mycobacteroides
bmy,Calf problems,Eukaryota; Metazoa; Ecdysozoa; Nematoda; Chromadorea; Rhabditida; Spirurina; Spiruromorpha; Filarioidea; Onchocercidae; Brugia
loa,Allergies,Eukaryota; Metazoa; Ecdysozoa; Nematoda; Chromadorea; Rhabditida; Spirurina; Spiruromorpha; Filarioidea; Onchocercidae; Loa
rri,Rickettsia rickettsii,Bacteria; Proteobacteria; Alphaproteobacteria; Rickettsiales; Rickettsiaceae; Rickettsieae; Rickettsia; spotted fever group
rco,Rickettsia conorii,Bacteria; Proteobacteria; Alphaproteobacteria; Rickettsiales; Rickettsiaceae; Rickettsieae; Rickettsia; spotted fever group
rfe,Rickettsia felis,Bacteria; Proteobacteria; Alphaproteobacteria; Rickettsiales; Rickettsiaceae; Rickettsieae; Rickettsia; spotted fever group
rms,Rickettsia massiliae,Bacteria; Proteobacteria; Alphaproteobacteria; Rickettsiales; Rickettsiaceae; Rickettsieae; Rickettsia; spotted fever group
raf,Rickettsia africae,Bacteria; Proteobacteria; Alphaproteobacteria; Rickettsiales; Rickettsiaceae; Rickettsieae; Rickettsia; spotted fever group
rja,Rickettsia japonica,Bacteria; Proteobacteria; Alphaproteobacteria; Rickettsiales; Rickettsiaceae; Rickettsieae; Rickettsia; spotted fever group
rhe,Rickettsia heilongjiangensis,Bacteria; Proteobacteria; Alphaproteobacteria; Rickettsiales; Rickettsiaceae; Rickettsieae; Rickettsia; spotted fever group
T40022,Rabies virus (RABV),Viruses; Riboviria; Orthornavirae; Negarnaviricota; Haploviricotina; Monjiviricetes; Mononegavirales; Rhabdoviridae; Lyssavirus
T40095,Human metapneumovirus,Viruses; Riboviria; Orthornavirae; Negarnaviricota; Haploviricotina; Monjiviricetes; Mononegavirales; Pneumoviridae; Metapneumovirus
T40058,Omsk hemorrhagic fever virus,Viruses; Riboviria; Orthornavirae; Kitrinoviricota; Flasuviricetes; Amarillovirales; Flaviviridae; Flavivirus
T40050,Alkhumra hemorrhagic fever virus,Viruses; Riboviria; Orthornavirae; Kitrinoviricota; Flasuviricetes; Amarillovirales; Flaviviridae; Flavivirus
T40065,Apoi virus,Viruses; Riboviria; Orthornavirae; Kitrinoviricota; Flasuviricetes; Amarillovirales; Flaviviridae; Flavivirus
T40096,SFTS virus HB29,Viruses; Riboviria; Orthornavirae; Negarnaviricota; Polyploviricotina; Ellioviricetes; Bunyavirales; Phenuiviridae; Phlebovirus
T40011,Crimean-Congo hemorrhagic fever virus,Viruses; Riboviria; Orthornavirae; Negarnaviricota; Polyploviricotina; Ellioviricetes; Bunyavirales; Nairoviridae; Orthonairovirus
coc,Capnocytophaga ochracea,Bacteria; Bacteroidetes; Flavobacteriia; Flavobacteriales; Flavobacteriaceae; Capnocytophaga
T40057,Yellow fever virus,Viruses; Riboviria; Orthornavirae; Kitrinoviricota; Flasuviricetes; Amarillovirales; Flaviviridae; Flavivirus
sng,Simkania negevensis,Bacteria; Chlamydiae; Parachlamydiales; Simkaniaceae; Simkania
T40072,JC polyomavirus,Viruses; Monodnaviria; Shotokuvirae; Cossaviricota; Papovaviricetes; Sepolyvirales; Polyomaviridae; Betapolyomavirus
T40124,Molluscum contagiosum virus,Viruses; Varidnaviria; Bamfordvirae; Nucleocytoviricota; Pokkesviricetes; Chitovirales; Poxviridae; Chordopoxvirinae; Molluscipoxvirus
tsp,Trichinella spiralis,Eukaryota; Metazoa; Ecdysozoa; Nematoda; Enoplea; Dorylaimia; Trichinellida; Trichinellidae; Trichinella
T40052,Japanese encephalitis virus,Viruses; Riboviria; Orthornavirae; Kitrinoviricota; Flasuviricetes; Amarillovirales; Flaviviridae; Flavivirus
T40327,Saint Louis encephalitis virus,Viruses; Riboviria; Orthornavirae; Kitrinoviricota; Flasuviricetes; Amarillovirales; Flaviviridae; Flavivirus
T40055,Murray Valley encephalitis virus,Viruses; Riboviria; Orthornavirae; Kitrinoviricota; Flasuviricetes; Amarillovirales; Flaviviridae; Flavivirus
T40329,Rocio virus,Viruses; Riboviria; Orthornavirae; Kitrinoviricota; Flasuviricetes; Amarillovirales; Flaviviridae; Flavivirus
T40053,Western equine encephalitis virus,Viruses; Riboviria; Orthornavirae; Kitrinoviricota; Alsuviricetes; Martellivirales; Togaviridae; Alphavirus
T40054,Eastern equine encephalitis virus,Viruses; Riboviria; Orthornavirae; Kitrinoviricota; Alsuviricetes; Martellivirales; Togaviridae; Alphavirus
T40028,Venezuelan equine encephalitis virus,Viruses; Riboviria; Orthornavirae; Kitrinoviricota; Alsuviricetes; Martellivirales; Togaviridae; Alphavirus
T40056,La Crosse virus,Viruses; Riboviria; Orthornavirae; Negarnaviricota; Polyploviricotina; Ellioviricetes; Bunyavirales; Peribunyaviridae; Orthobunyavirus; La Crosse orthobunyavirus
mpe,Mycoplasma penetrans,Bacteria; Tenericutes; Mollicutes; Mycoplasmataceae; Mycoplasma
clec,Cimex lectularius,Eukaryota; Metazoa; Ecdysozoa; Arthropoda; Hexapoda; Insecta; Pterygota; Neoptera; Paraneoptera; Hemiptera; Heteroptera; Panheteroptera; Cimicomorpha; Cimicidae; Cimex
ssck,Sporothrix schenckii,Eukaryota; Fungi; Dikarya; Ascomycota; Pezizomycotina; Sordariomycetes; Sordariomycetidae; Ophiostomatales; Ophiostomataceae; Sporothrix
rty,Rickettsia typhi,Bacteria; Proteobacteria; Alphaproteobacteria; Rickettsiales; Rickettsiaceae; Rickettsieae; Rickettsia; typhus group
mchi,Mycobacterium chimaera,Bacteria; Actinobacteria; Corynebacteriales; Mycobacteriaceae; Mycobacterium; Mycobacterium avium complex (MAC)
bmb,Brucella abortus,Bacteria; Proteobacteria; Alphaproteobacteria; Rhizobiales; Brucellaceae; Brucella
bms,Brucella suis,Bacteria; Proteobacteria; Alphaproteobacteria; Rhizobiales; Brucellaceae; Brucella
saun,Staphylococcus aureus,Bacteria; Firmicutes; Bacilli; Bacillales; Staphylococcaceae; Staphylococcus
T40092,Rotavirus A,Viruses; Riboviria; Orthornavirae; Duplornaviricota; Resentoviricetes; Reovirales; Reoviridae; Sedoreovirinae; Rotavirus
T40123,Human rotavirus B,Viruses; Riboviria; Orthornavirae; Duplornaviricota; Resentoviricetes; Reovirales; Reoviridae; Sedoreovirinae; Rotavirus
T40094,Rotavirus C,Viruses; Riboviria; Orthornavirae; Duplornaviricota; Resentoviricetes; Reovirales; Reoviridae; Sedoreovirinae; Rotavirus
phu,Pediculus humanus corporis (body louse),Eukaryota; Metazoa; Ecdysozoa; Arthropoda; Hexapoda; Insecta; Pterygota; Neoptera; Paraneoptera; Psocodea; Phthiraptera; Anoplura; Pediculidae; Pediculus
efa,Enterococcus faecalis,Bacteria; Firmicutes; Bacilli; Lactobacillales; Enterococcaceae; Enterococcus
tasa,Trichosporon asahii,Eukaryota; Fungi; Dikarya; Basidiomycota; Agaricomycotina; Tremellomycetes; Trichosporonales; Trichosporonaceae; Trichosporon
T40023,Australian bat lyssavirus,Viruses; Riboviria; Orthornavirae; Negarnaviricota; Haploviricotina; Monjiviricetes; Mononegavirales; Rhabdoviridae; Lyssavirus
T40024,European bat lyssavirus 1,Viruses; Riboviria; Orthornavirae; Negarnaviricota; Haploviricotina; Monjiviricetes; Mononegavirales; Rhabdoviridae; Lyssavirus
T40025,European bat lyssavirus 2,Viruses; Riboviria; Orthornavirae; Negarnaviricota; Haploviricotina; Monjiviricetes; Mononegavirales; Rhabdoviridae; Lyssavirus
fnu,Fusobacterium nucleatum,Bacteria; Fusobacteria; Fusobacteriales; Fusobacteriaceae; Fusobacterium
tde,Treponema denticola,Bacteria; Spirochaetes; Spirochaetales; Spirochaetaceae; Treponema
tpk,Treponema putidum,Bacteria; Spirochaetes; Spirochaetales; Spirochaetaceae; Treponema
trm,Treponema sp. OMZ 838,Bacteria; Spirochaetes; Spirochaetales; Spirochaetaceae; Treponema; unclassified Treponema
ols,Olsenella uli,Bacteria; Actinobacteria; Coriobacteriia; Coriobacteriales; Atopobiaceae; Olsenella
ccu,Cryptobacterium curtum,Bacteria; Actinobacteria; Coriobacteriia; Eggerthellales; Eggerthellaceae; Cryptobacterium
T40100,Human mastadenovirus B,Viruses; Varidnaviria; Bamfordvirae; Preplasmiviricota; Tectiliviricetes; Rowavirales; Adenoviridae; Mastadenovirus
T40102,Human mastadenovirus D,Viruses; Varidnaviria; Bamfordvirae; Preplasmiviricota; Tectiliviricetes; Rowavirales; Adenoviridae; Mastadenovirus
T40101,Human mastadenovirus E,Viruses; Varidnaviria; Bamfordvirae; Preplasmiviricota; Tectiliviricetes; Rowavirales; Adenoviridae; Mastadenovirus
ser,Staphylococcus epidermidis,Bacteria; Firmicutes; Bacilli; Bacillales; Staphylococcaceae; Staphylococcus
T40005,Junin mammarenavirus,Viruses; Riboviria; Orthornavirae; Negarnaviricota; Polyploviricotina; Ellioviricetes; Bunyavirales; Arenaviridae; Mammarenavirus
T40048,Dengue virus,Viruses; Riboviria; Orthornavirae; Kitrinoviricota; Flasuviricetes; Amarillovirales; Flaviviridae; Flavivirus
T40029,West Nile virus,Viruses; Riboviria; Orthornavirae; Kitrinoviricota; Flasuviricetes; Amarillovirales; Flaviviridae; Flavivirus
T40049,Zika virus,Viruses; Riboviria; Orthornavirae; Kitrinoviricota; Flasuviricetes; Amarillovirales; Flaviviridae; Flavivirus
T40026,Chikungunya virus,Viruses; Riboviria; Orthornavirae; Kitrinoviricota; Alsuviricetes; Martellivirales; Togaviridae; Alphavirus
T40032,Mayaro virus,Viruses; Riboviria; Orthornavirae; Kitrinoviricota; Alsuviricetes; Martellivirales; Togaviridae; Alphavirus
T40071,Ross River virus,Viruses; Riboviria; Orthornavirae; Kitrinoviricota; Alsuviricetes; Martellivirales; Togaviridae; Alphavirus
T40030,Rift Valley fever virus,Viruses; Riboviria; Orthornavirae; Negarnaviricota; Polyploviricotina; Ellioviricetes; Bunyavirales; Phenuiviridae; Phlebovirus
T40031,Bunyamwera virus,Viruses; Riboviria; Orthornavirae; Negarnaviricota; Polyploviricotina; Ellioviricetes; Bunyavirales; Peribunyaviridae; Orthobunyavirus
aje,Histoplasma capsulatum,Eukaryota; Fungi; Dikarya; Ascomycota; Pezizomycotina; Eurotiomycetes; Eurotiomycetidae; Onygenales; Ajellomycetaceae; Histoplasma
T40344,Poliovirus 1,Viruses; Riboviria; Orthornavirae; Pisuviricota; Pisoniviricetes; Picornavirales; Picornaviridae; Enterovirus; Enterovirus C
T40345,Poliovirus 2,Viruses; Riboviria; Orthornavirae; Pisuviricota; Pisoniviricetes; Picornavirales; Picornaviridae; Enterovirus; Enterovirus C
T40346,Poliovirus 3,Viruses; Riboviria; Orthornavirae; Pisuviricota; Pisoniviricetes; Picornavirales; Picornaviridae; Enterovirus; Enterovirus C
T40035,Influenza A virus (A/Puerto Rico/8/1934(H1N1)),Viruses; Riboviria; Orthornavirae; Negarnaviricota; Polyploviricotina; Insthoviricetes; Articulavirales; Orthomyxoviridae; Alphainfluenzavirus
T40036,Influenza A virus (A/Korea/426/1968(H2N2)),Viruses; Riboviria; Orthornavirae; Negarnaviricota; Polyploviricotina; Insthoviricetes; Articulavirales; Orthomyxoviridae; Alphainfluenzavirus
T40037,Influenza A virus (A/New York/392/2004(H3N2)),Viruses; Riboviria; Orthornavirae; Negarnaviricota; Polyploviricotina; Insthoviricetes; Articulavirales; Orthomyxoviridae; Alphainfluenzavirus
T40038,Influenza A virus (A/Hong Kong/1073/99(H9N2)),Viruses; Riboviria; Orthornavirae; Negarnaviricota; Polyploviricotina; Insthoviricetes; Articulavirales; Orthomyxoviridae; Alphainfluenzavirus
T40039,Influenza B virus,Viruses; Riboviria; Orthornavirae; Negarnaviricota; Polyploviricotina; Insthoviricetes; Articulavirales; Orthomyxoviridae; Betainfluenzavirus
T40040,Influenza C virus (C/Ann Arbor/1/50),Viruses; Riboviria; Orthornavirae; Negarnaviricota; Polyploviricotina; Insthoviricetes; Articulavirales; Orthomyxoviridae; Gammainfluenzavirus
bbs,Borrelia bissettii,Bacteria; Spirochaetes; Spirochaetales; Borreliaceae; Borreliella
bmay,Borrelia mayonii,Bacteria; Spirochaetes; Spirochaetales; Borreliaceae; Borreliella
T40073,Human herpesvirus 1,Viruses; Duplodnaviria; Heunggongvirae; Peploviricota; Herviviricetes; Herpesvirales; Herpesviridae; Alphaherpesvirinae; Simplexvirus
T40074,Human herpesvirus 2,Viruses; Duplodnaviria; Heunggongvirae; Peploviricota; Herviviricetes; Herpesvirales; Herpesviridae; Alphaherpesvirinae; Simplexvirus
T40046,Hendra virus,Viruses; Riboviria; Orthornavirae; Negarnaviricota; Haploviricotina; Monjiviricetes; Mononegavirales; Paramyxoviridae; Orthoparamyxovirinae; Henipavirus
T40047,Nipah virus,Viruses; Riboviria; Orthornavirae; Negarnaviricota; Haploviricotina; Monjiviricetes; Mononegavirales; Paramyxoviridae; Orthoparamyxovirinae; Henipavirus
gbr,Gordonia bronchialis,Bacteria; Actinobacteria; Corynebacteriales; Gordoniaceae; Gordonia
T40034,Mumps virus,Viruses; Riboviria; Orthornavirae; Negarnaviricota; Haploviricotina; Monjiviricetes; Mononegavirales; Paramyxoviridae; Rubulavirinae; Orthorubulavirus
gla,Giardia lamblia,Eukaryota; Metamonada; Diplomonadida; Hexamitidae; Giardiinae; Giardia
ctu,Cronobacter turicensis,Bacteria; Proteobacteria; Gammaproteobacteria; Enterobacterales; Enterobacteriaceae; Cronobacter
cal,Candida albicans,Eukaryota; Fungi; Dikarya; Ascomycota; Saccharomycotina; Saccharomycetes; Saccharomycetales; Debaryomycetaceae; Candida/Lodderomyces clade; Candida
cdu,Candida dubliniensis,Eukaryota; Fungi; Dikarya; Ascomycota; Saccharomycotina; Saccharomycetes; Saccharomycetales; Debaryomycetaceae; Candida/Lodderomyces clade; Candida
ctp,Candida tropicalis,Eukaryota; Fungi; Dikarya; Ascomycota; Saccharomycotina; Saccharomycetes; Saccharomycetales; Debaryomycetaceae; Candida/Lodderomyces clade; Candida
cgr,Candida glabrata,Eukaryota; Fungi; Dikarya; Ascomycota; Saccharomycotina; Saccharomycetes; Saccharomycetales; Saccharomycetaceae; Nakaseomyces; Nakaseomyces/Candida clade
pgu,Meyerozyma guilliermondii,Eukaryota; Fungi; Dikarya; Ascomycota; Saccharomycotina; Saccharomycetes; Saccharomycetales; Debaryomycetaceae; Meyerozyma
caur,Candida auris,Eukaryota; Fungi; Dikarya; Ascomycota; Saccharomycotina; Saccharomycetes; Saccharomycetales; Metschnikowiaceae; Clavispora; Clavispora/Candida clade
bbr,Bordetella bronchiseptica,Bacteria; Proteobacteria; Betaproteobacteria; Burkholderiales; Alcaligenaceae; Bordetella
bhz,Bordetella hinzii,Bacteria; Proteobacteria; Betaproteobacteria; Burkholderiales; Alcaligenaceae; Bordetella
hav,Hafnia alvei,Bacteria; Proteobacteria; Gammaproteobacteria; Enterobacterales; Hafniaceae; Hafnia
vfu,Vibrio furnissii,Bacteria; Proteobacteria; Gammaproteobacteria; Vibrionales; Vibrionaceae; Vibrio
T40020,Sin Nombre virus,Viruses; Riboviria; Orthornavirae; Negarnaviricota; Polyploviricotina; Ellioviricetes; Bunyavirales; Hantaviridae; Mammantavirinae; Orthohantavirus
T40021,Andes virus,Viruses; Riboviria; Orthornavirae; Negarnaviricota; Polyploviricotina; Ellioviricetes; Bunyavirales; Hantaviridae; Mammantavirinae; Orthohantavirus
T40358,Bayou virus,Viruses; Riboviria; Orthornavirae; Negarnaviricota; Polyploviricotina; Ellioviricetes; Bunyavirales; Hantaviridae; Mammantavirinae; Orthohantavirus
cgi,Cryptococcus gattii,Eukaryota; Fungi; Dikarya; Basidiomycota; Agaricomycotina; Tremellomycetes; Tremellales; Cryptococcaceae; Cryptococcus; Cryptococcus gattii species complex
T40041,Influenza A virus (A/goose/Guangdong/1/1996(H5N1)),Viruses; Riboviria; Orthornavirae; Negarnaviricota; Polyploviricotina; Insthoviricetes; Articulavirales; Orthomyxoviridae; Alphainfluenzavirus
T40350,Influenza A virus (A/Shanghai/02/2013(H7N9)),Viruses; Riboviria; Orthornavirae; Negarnaviricota; Polyploviricotina; Insthoviricetes; Articulavirales; Orthomyxoviridae; Alphainfluenzavirus
ovi,Opisthorchis viverrini,Eukaryota; Metazoa; Spiralia; Lophotrochozoa; Platyhelminthes; Trematoda; Digenea; Opisthorchiida; Opisthorchiata; Opisthorchiidae; Opisthorchis
lst,Leptospira santarosai,Bacteria; Spirochaetes; Leptospirales; Leptospiraceae; Leptospira
lkm,Leptospira kmetyi,Bacteria; Spirochaetes; Leptospirales; Leptospiraceae; Leptospira
kqu,Klebsiella quasipneumoniae,Bacteria; Proteobacteria; Gammaproteobacteria; Enterobacterales; Enterobacteriaceae; Klebsiella
ear,Klebsiella aerogenes,Bacteria; Proteobacteria; Gammaproteobacteria; Enterobacterales; Enterobacteriaceae; Klebsiella
kqv,Klebsiella quasivariicola,Bacteria; Proteobacteria; Gammaproteobacteria; Enterobacterales; Enterobacteriaceae; Klebsiella
klw,Klebsiella sp. WCHKl090001,Bacteria; Proteobacteria; Gammaproteobacteria; Enterobacterales; Enterobacteriaceae; Klebsiella
ctc,Clostridium tetani,Bacteria; Firmicutes; Clostridia; Eubacteriales; Clostridiaceae; Clostridium
rsv,Rickettsia slovaca,Bacteria; Proteobacteria; Alphaproteobacteria; Rickettsiales; Rickettsiaceae; Rickettsieae; Rickettsia; spotted fever group
btk,Bacillus thuringiensis,Bacteria; Firmicutes; Bacilli; Bacillales; Bacillaceae; Bacillus; Bacillus cereus group
elh,Escherichia coli O78:H11,Bacteria; Proteobacteria; Gammaproteobacteria; Enterobacterales; Enterobacteriaceae; Escherichia
ecw,Escherichia coli O139:H28,Bacteria; Proteobacteria; Gammaproteobacteria; Enterobacterales; Enterobacteriaceae; Escherichia
gbe,Granulibacter bethesdensis,Bacteria; Proteobacteria; Alphaproteobacteria; Rhodospirillales; Acetobacteraceae; Granulibacter
T40081,Human herpesvirus 8 (KSHV),Viruses; Duplodnaviria; Heunggongvirae; Peploviricota; Herviviricetes; Herpesvirales; Herpesviridae; Gammaherpesvirinae; Rhadinovirus
T40086,Simian virus 40 (SV40),Viruses; Monodnaviria; Shotokuvirae; Cossaviricota; Papovaviricetes; Sepolyvirales; Polyomaviridae; Betapolyomavirus
pfib,Pandoraea fibrosis 6399,Bacteria; Proteobacteria; Betaproteobacteria; Burkholderiales; Burkholderiaceae; Pandoraea
eab,Escherichia coli ABU 83972,Bacteria; Proteobacteria; Gammaproteobacteria; Enterobacterales; Enterobacteriaceae; Escherichia
hif,Haemophilus influenzae biogroup aegyptius,Bacteria; Proteobacteria; Gammaproteobacteria; Pasteurellales; Pasteurellaceae; Haemophilus
lhk,Laribacter hongkongensis HLHK9,Bacteria; Proteobacteria; Betaproteobacteria; Neisseriales; Chromobacteriaceae; Laribacter
T40089,Human papillomavirus types 5,Viruses; Monodnaviria; Shotokuvirae; Cossaviricota; Papovaviricetes; Zurhausenvirales; Papillomaviridae; Firstpapillomavirinae; Betapapillomavirus
mao,Mycobacterium avium subsp. paratuberculosis,Bacteria; Actinobacteria; Corynebacteriales; Mycobacteriaceae; Mycobacterium; Mycobacterium avium complex (MAC)
cvi,Chromobacterium violaceum ATCC 12472,Bacteria; Proteobacteria; Betaproteobacteria; Neisseriales; Chromobacteriaceae; Chromobacterium
ecu,Encephalitozoon cuniculi,Eukaryota; Fungi; Fungi incertae sedis; Microsporidia; Unikaryonidae; Encephalitozoon
ein,Encephalitozoon intestinalis,Eukaryota; Fungi; Fungi incertae sedis; Microsporidia; Unikaryonidae; Encephalitozoon
ssp,Staphylococcus saprophyticus,Bacteria; Firmicutes; Bacilli; Bacillales; Staphylococcaceae; Staphylococcus
mlen,Mammaliicoccus lentus,Bacteria; Firmicutes; Bacilli; Bacillales; Staphylococcaceae; Mammaliicoccus
plf,Pantoea ananatis,Bacteria; Proteobacteria; Gammaproteobacteria; Enterobacterales; Erwiniaceae; Pantoea
T40360,Vaccinia virus,Viruses; Varidnaviria; Bamfordvirae; Nucleocytoviricota; Pokkesviricetes; Chitovirales; Poxviridae; Chordopoxvirinae; Orthopoxvirus
T40015,Marburg marburgvirus,Viruses; Riboviria; Orthornavirae; Negarnaviricota; Haploviricotina; Monjiviricetes; Mononegavirales; Filoviridae; Marburgvirus
nse,Neorickettsia sennetsu,Bacteria; Proteobacteria; Alphaproteobacteria; Rickettsiales; Anaplasmataceae; Neorickettsia
T40069,SARS coronavirus,Viruses; Riboviria; Orthornavirae; Pisuviricota; Pisoniviricetes; Nidovirales; Cornidovirineae; Coronaviridae; Orthocoronavirinae; Betacoronavirus; Sarbecovirus
cim,Coccidioides immitis,Eukaryota; Fungi; Dikarya; Ascomycota; Pezizomycotina; Eurotiomycetes; Eurotiomycetidae; Onygenales; Onygenales incertae sedis; Coccidioides
cpw,Coccidioides posadasii,Eukaryota; Fungi; Dikarya; Ascomycota; Pezizomycotina; Eurotiomycetes; Eurotiomycetidae; Onygenales; Onygenales incertae sedis; Coccidioides
T40331,Coxsackievirus A16,Viruses; Riboviria; Orthornavirae; Pisuviricota; Pisoniviricetes; Picornavirales; Picornaviridae; Enterovirus; Enterovirus A
T40343,Enterovirus A71,Viruses; Riboviria; Orthornavirae; Pisuviricota; Pisoniviricetes; Picornavirales; Picornaviridae; Enterovirus; Enterovirus A
afm,Aspergillus fumigatus,Eukaryota; Fungi; Dikarya; Ascomycota; Pezizomycotina; Eurotiomycetes; Eurotiomycetidae; Eurotiales; Aspergillaceae; Aspergillus; Aspergillus subgen. Fumigati
afv,Aspergillus flavus,Eukaryota; Fungi; Dikarya; Ascomycota; Pezizomycotina; Eurotiomycetes; Eurotiomycetidae; Eurotiales; Aspergillaceae; Aspergillus; Aspergillus subgen. Circumdati
act,Aspergillus clavatus,Eukaryota; Fungi; Dikarya; Ascomycota; Pezizomycotina; Eurotiomycetes; Eurotiomycetidae; Eurotiales; Aspergillaceae; Aspergillus; Aspergillus subgen. Fumigati
T40126,Orf virus,Viruses; Varidnaviria; Bamfordvirae; Nucleocytoviricota; Pokkesviricetes; Chitovirales; Poxviridae; Chordopoxvirinae; Parapoxvirus
ech,Ehrlichia chaffeensis,Bacteria; Proteobacteria; Alphaproteobacteria; Rickettsiales; Anaplasmataceae; Ehrlichia
gvg,Gardnerella vaginalis,Bacteria; Actinobacteria; Bifidobacteriales; Bifidobacteriaceae; Gardnerella
T40084,Human parvovirus B19,Viruses; Monodnaviria; Shotokuvirae; Cossaviricota; Quintoviricetes; Piccovirales; Parvoviridae; Parvovirinae; Erythroparvovirus
ssn,Shigella sonnei,Bacteria; Proteobacteria; Gammaproteobacteria; Enterobacterales; Enterobacteriaceae; Shigella
T40361,SARS-CoV-2,Viruses; Riboviria; Orthornavirae; Pisuviricota; Pisoniviricetes; Nidovirales; Cornidovirineae; Coronaviridae; Orthocoronavirinae; Betacoronavirus; Sarbecovirus
tgo,Toxoplasma gondii,Eukaryota; Sar; Alveolata; Apicomplexa; Conoidasida; Coccidia; Eucoccidiorida; Eimeriorina; Sarcocystidae; Toxoplasma
ype,Yersinia pestis CO92 (biovar Orientalis),Bacteria; Proteobacteria; Gammaproteobacteria; Enterobacterales; Yersiniaceae; Yersinia
ypk,Yersinia pestis KIM (biovar Mediaevalis),Bacteria; Proteobacteria; Gammaproteobacteria; Enterobacterales; Yersiniaceae; Yersinia
ypp,Yersinia pestis Pestoides F,Bacteria; Proteobacteria; Gammaproteobacteria; Enterobacterales; Yersiniaceae; Yersinia
ypg,Yersinia pestis Angola,Bacteria; Proteobacteria; Gammaproteobacteria; Enterobacterales; Yersiniaceae; Yersinia
ypd,Yersinia pestis D106004,Bacteria; Proteobacteria; Gammaproteobacteria; Enterobacterales; Yersiniaceae; Yersinia
ypx,Yersinia pestis D182038,Bacteria; Proteobacteria; Gammaproteobacteria; Enterobacterales; Yersiniaceae; Yersinia
pbn,Paracoccidioides brasiliensis,Eukaryota; Fungi; Dikarya; Ascomycota; Pezizomycotina; Eurotiomycetes; Eurotiomycetidae; Onygenales; Onygenales incertae sedis; Paracoccidioides
pbl,Paracoccidioides lutzii,Eukaryota; Fungi; Dikarya; Ascomycota; Pezizomycotina; Eurotiomycetes; Eurotiomycetidae; Onygenales; Onygenales incertae sedis; Paracoccidioides
abe,Trichophyton benhamiae,Eukaryota; Fungi; Dikarya; Ascomycota; Pezizomycotina; Eurotiomycetes; Eurotiomycetidae; Onygenales; Arthrodermataceae; Trichophyton
tve,Trichophyton verrucosum,Eukaryota; Fungi; Dikarya; Ascomycota; Pezizomycotina; Eurotiomycetes; Eurotiomycetidae; Onygenales; Arthrodermataceae; Trichophyton
T40103,Enterovirus A (Coxsackievirus A),Viruses; Riboviria; Orthornavirae; Pisuviricota; Pisoniviricetes; Picornavirales; Picornaviridae; Enterovirus
T40077,Macacine herpesvirus 1,Viruses; Duplodnaviria; Heunggongvirae; Peploviricota; Herviviricetes; Herpesvirales; Herpesviridae; Alphaherpesvirinae; Simplexvirus
T40083,Monkeypox virus,Viruses; Varidnaviria; Bamfordvirae; Nucleocytoviricota; Pokkesviricetes; Chitovirales; Poxviridae; Chordopoxvirinae; Orthopoxvirus
T40060,Powassan virus,Viruses; Riboviria; Orthornavirae; Kitrinoviricota; Flasuviricetes; Amarillovirales; Flaviviridae; Flavivirus
T40061,Tick-borne encephalitis virus,Viruses; Riboviria; Orthornavirae; Kitrinoviricota; Flasuviricetes; Amarillovirales; Flaviviridae; Flavivirus
bmic,Babesia microti,Eukaryota; Sar; Alveolata; Apicomplexa; Aconoidasida; Piroplasmida; Babesiidae; Babesia
bbo,Babesia bovis,Eukaryota; Sar; Alveolata; Apicomplexa; Aconoidasida; Piroplasmida; Babesiidae; Babesia
T40016,Hantaan virus,Viruses; Riboviria; Orthornavirae; Negarnaviricota; Polyploviricotina; Ellioviricetes; Bunyavirales; Hantaviridae; Mammantavirinae; Orthohantavirus
T40017,Seoul virus,Viruses; Riboviria; Orthornavirae; Negarnaviricota; Polyploviricotina; Ellioviricetes; Bunyavirales; Hantaviridae; Mammantavirinae; Orthohantavirus
T40018,Dobrava-Belgrade virus,Viruses; Riboviria; Orthornavirae; Negarnaviricota; Polyploviricotina; Ellioviricetes; Bunyavirales; Hantaviridae; Mammantavirinae; Orthohantavirus
T40019,Puumala virus,Viruses; Riboviria; Orthornavirae; Negarnaviricota; Polyploviricotina; Ellioviricetes; Bunyavirales; Hantaviridae; Mammantavirinae; Orthohantavirus
cun,Corynebacterium ulcerans,Bacteria; Actinobacteria; Corynebacteriales; Corynebacteriaceae; Corynebacterium
nfa,Nocardia farcinica,Bacteria; Actinobacteria; Corynebacteriales; Nocardiaceae; Nocardia
ncy,Nocardia cyriacigeorgica,Bacteria; Actinobacteria; Corynebacteriales; Nocardiaceae; Nocardia
llo,Legionella longbeachae,Bacteria; Proteobacteria; Gammaproteobacteria; Legionellales; Legionellaceae; Legionella
lsh,Legionella sainthelensi,Bacteria; Proteobacteria; Gammaproteobacteria; Legionellales; Legionellaceae; Legionella
bcy,Bacillus cytotoxicus,Bacteria; Firmicutes; Bacilli; Bacillales; Bacillaceae; Bacillus; Bacillus cereus group
fva,Fusobacterium varium,Bacteria; Fusobacteria; Fusobacteriales; Fusobacteriaceae; Fusobacterium
T40033,Measles virus,Viruses; Riboviria; Orthornavirae; Negarnaviricota; Haploviricotina; Monjiviricetes; Mononegavirales; Paramyxoviridae; Orthoparamyxovirinae; Morbillivirus
spq,Salmonella enterica serovar Paratyphi B,Bacteria; Proteobacteria; Gammaproteobacteria; Enterobacterales; Enterobacteriaceae; Salmonella
sei,Salmonella enterica serovar Paratyphi C,Bacteria; Proteobacteria; Gammaproteobacteria; Enterobacterales; Enterobacteriaceae; Salmonella
bqu,Bartonella quintana,Bacteria; Proteobacteria; Alphaproteobacteria; Rhizobiales; Bartonellaceae; Bartonella
mle,Mycobacterium leprae,Bacteria; Actinobacteria; Corynebacteriales; Mycobacteriaceae; Mycobacterium
mlb,Mycobacterium leprae,Bacteria; Actinobacteria; Corynebacteriales; Mycobacteriaceae; Mycobacterium
tpr,Tsukamurella paurometabola,Bacteria; Actinobacteria; Corynebacteriales; Tsukamurellaceae; Tsukamurella
mho,Mycoplasma hominis,Bacteria; Tenericutes; Mollicutes; Mycoplasmataceae; Mycoplasma
uue,Ureaplasma urealyticum,Bacteria; Tenericutes; Mollicutes; Mycoplasmataceae; Ureaplasma
aap,Aggregatibacter aphrophilus,Bacteria; Proteobacteria; Gammaproteobacteria; Pasteurellales; Pasteurellaceae; Aggregatibacter
lgv,Lactococcus garvieae,Bacteria; Firmicutes; Bacilli; Lactobacillales; Streptococcaceae; Lactococcus
T40082,Variola virus,Viruses; Varidnaviria; Bamfordvirae; Nucleocytoviricota; Pokkesviricetes; Chitovirales; Poxviridae; Chordopoxvirinae; Orthopoxvirus
nai,Necator americanus,Eukaryota; Metazoa; Ecdysozoa; Nematoda; Chromadorea; Strongylida; Ancylostomatoidea; Ancylostomatidae; Bunostominae; Necator
T40010,Lassa mammarenavirus,Viruses; Riboviria; Orthornavirae; Negarnaviricota; Polyploviricotina; Ellioviricetes; Bunyavirales; Arenaviridae; Mammarenavirus
bpt,Bordetella petrii,Bacteria; Proteobacteria; Betaproteobacteria; Burkholderiales; Alcaligenaceae; Bordetella
ccm,Capnocytophaga canimorsus,Bacteria; Bacteroidetes; Flavobacteriia; Flavobacteriales; Flavobacteriaceae; Capnocytophaga
bpa,Bordetella parapertussis,Bacteria; Proteobacteria; Betaproteobacteria; Burkholderiales; Alcaligenaceae; Bordetella
bhe,Bartonella henselae (Cat-scratch disease),Bacteria; Proteobacteria; Alphaproteobacteria; Rhizobiales; Bartonellaceae; Bartonella
bbk,Bartonella bacilliformis (Oroya fever and bacillary angiomatosis),Bacteria; Proteobacteria; Alphaproteobacteria; Rhizobiales; Bartonellaceae; Bartonella
bgr,Bartonella grahami (Neuroretinitis),Bacteria; Proteobacteria; Alphaproteobacteria; Rhizobiales; Bartonellaceae; Bartonella
banc,Candidatus Bartonella ancashi,Bacteria; Proteobacteria; Alphaproteobacteria; Rhizobiales; Bartonellaceae; Bartonella
nbr,Nocardia brasiliensis,Bacteria; Actinobacteria; Corynebacteriales; Nocardiaceae; Nocardia
nda,Nocardiopsis dassonvillei,Bacteria; Actinobacteria; Streptosporangiales; Nocardiopsaceae; Nocardiopsis
sec,Salmonella enterica subsp. enterica serovar Choleraesuis,Bacteria; Proteobacteria; Gammaproteobacteria; Enterobacterales; Enterobacteriaceae; Salmonella
see,Salmonella enterica subsp. enterica serovar Newport,Bacteria; Proteobacteria; Gammaproteobacteria; Enterobacterales; Enterobacteriaceae; Salmonella
sew,Salmonella enterica subsp. enterica serovar Schwarzengrund,Bacteria; Proteobacteria; Gammaproteobacteria; Enterobacterales; Enterobacteriaceae; Salmonella
sed,Salmonella enterica subsp. enterica serovar Dublin,Bacteria; Proteobacteria; Gammaproteobacteria; Enterobacterales; Enterobacteriaceae; Salmonella
set,Salmonella enterica subsp. enterica serovar Enteritidis,Bacteria; Proteobacteria; Gammaproteobacteria; Enterobacterales; Enterobacteriaceae; Salmonella
seec,Salmonella enterica subsp. enterica Serovar Cubana,Bacteria; Proteobacteria; Gammaproteobacteria; Enterobacterales; Enterobacteriaceae; Salmonella
ses,Salmonella enterica subsp. arizonae serovar 62:z4,Bacteria; Proteobacteria; Gammaproteobacteria; Enterobacterales; Enterobacteriaceae; Salmonella
mmi,Mycobacterium marinum,Bacteria; Actinobacteria; Corynebacteriales; Mycobacteriaceae; Mycobacterium
mmm,Mycobacterium sp. MOTT36Y,Bacteria; Actinobacteria; Corynebacteriales; Mycobacteriaceae; Mycobacterium; unclassified Mycobacterium
mhad,Mycobacterium haemophilum,Bacteria; Actinobacteria; Corynebacteriales; Mycobacteriaceae; Mycobacterium
mshg,Mycobacterium shigaense,Bacteria; Actinobacteria; Corynebacteriales; Mycobacteriaceae; Mycobacterium; Mycobacterium simiae complex
mfj,Mycobacterium florentinum,Bacteria; Actinobacteria; Corynebacteriales; Mycobacteriaceae; Mycobacterium; Mycobacterium simiae complex
mnv,Mycobacterium noviomagense,Bacteria; Actinobacteria; Corynebacteriales; Mycobacteriaceae; Mycobacterium
mdr,Mycobacterium doricum,Bacteria; Actinobacteria; Corynebacteriales; Mycobacteriaceae; Mycolicibacterium
mjd,Mycobacterium sp. JDM601,Bacteria; Actinobacteria; Corynebacteriales; Mycobacteriaceae; Mycolicibacter
maic,Mycolicibacterium aichiense,Bacteria; Actinobacteria; Corynebacteriales; Mycobacteriaceae; Mycolicibacterium
mij,Mycolicibacterium insubricum,Bacteria; Actinobacteria; Corynebacteriales; Mycobacteriaceae; Mycolicibacterium
malv,Mycolicibacterium alvei,Bacteria; Actinobacteria; Corynebacteriales; Mycobacteriaceae; Mycolicibacterium
maub,Mycolicibacterium aubagnense,Bacteria; Actinobacteria; Corynebacteriales; Mycobacteriaceae; Mycolicibacterium
bal,Bacillus cereus,Bacteria; Firmicutes; Bacilli; Bacillales; Bacillaceae; Bacillus; Bacillus cereus group
bbu,Borrelia burgdorferi,Bacteria; Spirochaetes; Spirochaetales; Borreliaceae; Borreliella
mgl,Malassezia globosa,Eukaryota; Fungi; Dikarya; Basidiomycota; Ustilaginomycotina; Malasseziomycetes; Malasseziales; Malasseziaceae; Malassezia
mrt,Malassezia restricta,Eukaryota; Fungi; Dikarya; Basidiomycota; Ustilaginomycotina; Malasseziomycetes; Malasseziales; Malasseziaceae; Malassezia
sam,Staphylococcus aureus,Bacteria; Firmicutes; Bacilli; Bacillales; Staphylococcaceae; Staphylococcus
req,Rhodococcus equi,Bacteria; Actinobacteria; Corynebacteriales; Nocardiaceae; Rhodococcus
smar,Serratia marcescens,Bacteria; Proteobacteria; Gammaproteobacteria; Enterobacterales; Yersiniaceae; Serratia
spe,Serratia proteamaculans,Bacteria; Proteobacteria; Gammaproteobacteria; Enterobacterales; Yersiniaceae; Serratia
T40097,Human papillomavirus type 6b,Viruses; Monodnaviria; Shotokuvirae; Cossaviricota; Papovaviricetes; Zurhausenvirales; Papillomaviridae; Firstpapillomavirinae; Alphapapillomavirus
T40098,Human papillomavirus type 10,Viruses; Monodnaviria; Shotokuvirae; Cossaviricota; Papovaviricetes; Zurhausenvirales; Papillomaviridae; Firstpapillomavirinae; Alphapapillomavirus
T40080,Human herpesvirus 5 (Human cytomegalovirus),Viruses; Duplodnaviria; Heunggongvirae; Peploviricota; Herviviricetes; Herpesvirales; Herpesviridae; Betaherpesvirinae; Cytomegalovirus
T40070,Rubella virus,Viruses; Riboviria; Orthornavirae; Kitrinoviricota; Alsuviricetes; Hepelivirales; Matonaviridae; Rubivirus
svi,Saccharomonospora viridis,Bacteria; Actinobacteria; Pseudonocardiales; Pseudonocardiaceae; Saccharomonospora
pvx,Plasmodium vivax,Eukaryota; Sar; Alveolata; Apicomplexa; Aconoidasida; Haemosporida; Plasmodiidae; Plasmodium; Plasmodium (Plasmodium)
pkn,Plasmodium knowlesi H,Eukaryota; Sar; Alveolata; Apicomplexa; Aconoidasida; Haemosporida; Plasmodiidae; Plasmodium; Plasmodium (Plasmodium)
lma,Leishmania major,Eukaryota; Discoba; Euglenozoa; Kinetoplastea; Metakinetoplastina; Trypanosomatida; Trypanosomatidae; Leishmaniinae; Leishmania
lif,Leishmania infantum,Eukaryota; Discoba; Euglenozoa; Kinetoplastea; Metakinetoplastina; Trypanosomatida; Trypanosomatidae; Leishmaniinae; Leishmania
lmi,Leishmania mexicana MHOM/GT/2001/U1103,Eukaryota; Discoba; Euglenozoa; Kinetoplastea; Metakinetoplastina; Trypanosomatida; Trypanosomatidae; Leishmaniinae; Leishmania
ldo,Leishmania donovani,Eukaryota; Discoba; Euglenozoa; Kinetoplastea; Metakinetoplastina; Trypanosomatida; Trypanosomatidae; Leishmaniinae; Leishmania
lbz,Leishmania braziliensis,Eukaryota; Discoba; Euglenozoa; Kinetoplastea; Metakinetoplastina; Trypanosomatida; Trypanosomatidae; Leishmaniinae; Leishmania; Leishmania braziliensis species complex
lpan,Leishmania panamensis,Eukaryota; Discoba; Euglenozoa; Kinetoplastea; Metakinetoplastina; Trypanosomatida; Trypanosomatidae; Leishmaniinae; Leishmania; Leishmania guyanensis species complex
T40078,Human herpesvirus 3,Viruses; Duplodnaviria; Heunggongvirae; Peploviricota; Herviviricetes; Herpesvirales; Herpesviridae; Alphaherpesvirinae; Varicellovirus
mct,Moraxella catarrhalis,Bacteria; Proteobacteria; Gammaproteobacteria; Pseudomonadales; Moraxellaceae; Moraxella
hdu,Haemophilus ducreyi,Bacteria; Proteobacteria; Gammaproteobacteria; Pasteurellales; Pasteurellaceae; Haemophilus
cko,Citrobacter koseri (infants and immunocompromised),Bacteria; Proteobacteria; Gammaproteobacteria; Enterobacterales; Enterobacteriaceae; Citrobacter
mtl,Mycobacterium tuberculosis,Bacteria; Actinobacteria; Corynebacteriales; Mycobacteriaceae; Mycobacterium; Mycobacterium tuberculosis complex
ssa,Streptococcus sanguinis,Bacteria; Firmicutes; Bacilli; Lactobacillales; Streptococcaceae; Streptococcus
sgo,Streptococcus gordonii,Bacteria; Firmicutes; Bacilli; Lactobacillales; Streptococcaceae; Streptococcus
raj,Rothia aeria,Bacteria; Actinobacteria; Micrococcales; Micrococcaceae; Rothia
eav,Enterococcus avium,Bacteria; Firmicutes; Bacilli; Lactobacillales; Enterococcaceae; Enterococcus
std,Streptococcus pseudopneumoniae,Bacteria; Firmicutes; Bacilli; Lactobacillales; Streptococcaceae; Streptococcus
scf,Streptococcus parasanguinis,Bacteria; Firmicutes; Bacilli; Lactobacillales; Streptococcaceae; Streptococcus
tcr,Trypanosoma cruzi,Eukaryota; Discoba; Euglenozoa; Kinetoplastea; Metakinetoplastina; Trypanosomatida; Trypanosomatidae; Trypanosoma; Schizotrypanum
T40104,Enterovirus B,Viruses; Riboviria; Orthornavirae; Pisuviricota; Pisoniviricetes; Picornavirales; Picornaviridae; Enterovirus
T40105,Enterovirus C,Viruses; Riboviria; Orthornavirae; Pisuviricota; Pisoniviricetes; Picornavirales; Picornaviridae; Enterovirus
T40106,Enterovirus D,Viruses; Riboviria; Orthornavirae; Pisuviricota; Pisoniviricetes; Picornavirales; Picornaviridae; Enterovirus
ehi,Entamoeba histolytica,Eukaryota; Amoebozoa; Evosea; Archamoebae; Mastigamoebida; Entamoebidae; Entamoeba
aha,Aeromonas hydrophila,Bacteria; Proteobacteria; Gammaproteobacteria; Aeromonadales; Aeromonadaceae; Aeromonas
acav,Aeromonas caviae,Bacteria; Proteobacteria; Gammaproteobacteria; Aeromonadales; Aeromonadaceae; Aeromonas
T40075,Human herpesvirus 6B,Viruses; Duplodnaviria; Heunggongvirae; Peploviricota; Herviviricetes; Herpesvirales; Herpesviridae; Betaherpesvirinae; Roseolovirus
T40076,Human herpesvirus 7,Viruses; Duplodnaviria; Heunggongvirae; Peploviricota; Herviviricetes; Herpesvirales; Herpesviridae; Betaherpesvirinae; Roseolovirus
T40090,Middle East respiratory syndrome coronavirus,Viruses; Riboviria; Orthornavirae; Pisuviricota; Pisoniviricetes; Nidovirales; Cornidovirineae; Coronaviridae; Orthocoronavirinae; Betacoronavirus; Merbecovirus
cpv,Cryptosporidium parvum,Eukaryota; Sar; Alveolata; Apicomplexa; Conoidasida; Coccidia; Eucoccidiorida; Eimeriorina; Cryptosporidiidae; Cryptosporidium
cho,Cryptosporidium hominis,Eukaryota; Sar; Alveolata; Apicomplexa; Conoidasida; Coccidia; Eucoccidiorida; Eimeriorina; Cryptosporidiidae; Cryptosporidium
sez,Streptococcus equi,Bacteria; Firmicutes; Bacilli; Lactobacillales; Streptococcaceae; Streptococcus
mul,Mycobacterium ulcerans,Bacteria; Actinobacteria; Corynebacteriales; Mycobacteriaceae; Mycobacterium
smm,Schistosoma mansoni,Eukaryota; Metazoa; Spiralia; Lophotrochozoa; Platyhelminthes; Trematoda; Digenea; Strigeidida; Schistosomatoidea; Schistosomatidae; Schistosoma
shx,Schistosoma haematobium,Eukaryota; Metazoa; Spiralia; Lophotrochozoa; Platyhelminthes; Trematoda; Digenea; Strigeidida; Schistosomatoidea; Schistosomatidae; Schistosoma
T40334,Human enterovirus 70,Viruses; Riboviria; Orthornavirae; Pisuviricota; Pisoniviricetes; Picornavirales; Picornaviridae; Enterovirus; Enterovirus D
T40332,Human coxsackievirus A24,Viruses; Riboviria; Orthornavirae; Pisuviricota; Pisoniviricetes; Picornavirales; Picornaviridae; Enterovirus; Enterovirus C
tva,Trichomonas vaginalis,Eukaryota; Metamonada; Parabasalia; Trichomonadida; Trichomonadidae; Trichomonas
aph,Anaplasma phagocytophilum,Bacteria; Proteobacteria; Alphaproteobacteria; Rickettsiales; Anaplasmataceae; Anaplasma; phagocytophilum group
msym,Malassezia sympodialis,Eukaryota; Fungi; Dikarya; Basidiomycota; Ustilaginomycotina; Malasseziomycetes; Malasseziales; Malasseziaceae; Malassezia
eoj,Escherichia coli O26:H11,Bacteria; Proteobacteria; Gammaproteobacteria; Enterobacterales; Enterobacteriaceae; Escherichia
eoi,Escherichia coli O111:H-,Bacteria; Proteobacteria; Gammaproteobacteria; Enterobacterales; Enterobacteriaceae; Escherichia
eoh,Escherichia coli O103:H2,Bacteria; Proteobacteria; Gammaproteobacteria; Enterobacterales; Enterobacteriaceae; Escherichia
T40012,Zaire ebolavirus,Viruses; Riboviria; Orthornavirae; Negarnaviricota; Haploviricotina; Monjiviricetes; Mononegavirales; Filoviridae; Ebolavirus
T40014,Sudan ebolavirus,Viruses; Riboviria; Orthornavirae; Negarnaviricota; Haploviricotina; Monjiviricetes; Mononegavirales; Filoviridae; Ebolavirus
T40125,Tai Forest ebolavirus,Viruses; Riboviria; Orthornavirae; Negarnaviricota; Haploviricotina; Monjiviricetes; Mononegavirales; Filoviridae; Ebolavirus
T40121,Bundibugyo virus,Viruses; Riboviria; Orthornavirae; Negarnaviricota; Haploviricotina; Monjiviricetes; Mononegavirales; Filoviridae; Ebolavirus
hhm,Helicobacter heilmannii,Bacteria; Proteobacteria; Epsilonproteobacteria; Campylobacterales; Helicobacteraceae; Helicobacter
T40051,Merkel cell polyomavirus (MCPyV),Viruses; Monodnaviria; Shotokuvirae; Cossaviricota; Papovaviricetes; Sepolyvirales; Polyomaviridae; Alphapolyomavirus
mmk,Morganella morganii subsp. morganii KT,Bacteria; Proteobacteria; Gammaproteobacteria; Enterobacterales; Morganellaceae; Morganella
bre,Borrelia recurrentis,Bacteria; Spirochaetes; Spirochaetales; Borreliaceae; Borrelia
bdu,Borrelia duttonii,Bacteria; Spirochaetes; Spirochaetales; Borreliaceae; Borrelia
bhr,Borrelia hermsii,Bacteria; Spirochaetes; Spirochaetales; Borreliaceae; Borrelia
btu,Borrelia turicatae,Bacteria; Spirochaetes; Spirochaetales; Borreliaceae; Borrelia
bcw,Borrelia crocidurae,Bacteria; Spirochaetes; Spirochaetales; Borreliaceae; Borrelia
bgh,Blastomyces gilchristii,Eukaryota; Fungi; Dikarya; Ascomycota; Pezizomycotina; Eurotiomycetes; Eurotiomycetidae; Onygenales; Ajellomycetaceae; Blastomyces
rak,Rickettsia akari,Bacteria; Proteobacteria; Alphaproteobacteria; Rickettsiales; Rickettsiaceae; Rickettsieae; Rickettsia; spotted fever group
ecg,Escherichia coli O127:H6,Bacteria; Proteobacteria; Gammaproteobacteria; Enterobacterales; Enterobacteriaceae; Escherichia
egl,Echinococcus granulosus,Eukaryota; Metazoa; Spiralia; Lophotrochozoa; Platyhelminthes; Cestoda; Eucestoda; Cyclophyllidea; Taeniidae; Echinococcus; Echinococcus granulosus group
hil,Haemophilus influenzae (nontypeable),Bacteria; Proteobacteria; Gammaproteobacteria; Pasteurellales; Pasteurellaceae; Haemophilus
T40330,Chapare mammarenavirus,Viruses; Riboviria; Orthornavirae; Negarnaviricota; Polyploviricotina; Ellioviricetes; Bunyavirales; Arenaviridae; Mammarenavirus
T40333,Lujo mammarenavirus,Viruses; Riboviria; Orthornavirae; Negarnaviricota; Polyploviricotina; Ellioviricetes; Bunyavirales; Arenaviridae; Mammarenavirus
T10000,Nausea,
T10001,anxious,
T10002,vertigo,
T10003,sleeplessness,
T10004,sleepiness,
T10005,nosebleed,
T10006,Weight Loss,
